X,Y,ID,LOCN,MPD_NAME,ADDRESS,CITY,ZIP,MPD_TYPE,MAP_TYPE,LABEL,MAP_DESC,MPD_DESC,LD,FULLNAME,CDSCODE,CHARTER,MAP_TYPE_MAPPING,TOOLTIP,NLA_URL,Campus,Budget (incl c/o) FY24,Expenditures FY24,% Exp FY24,Pct_Met_Above,Mean_Score,Participation Rate (%),Funding_Level
-13157737.0803322,4026937.00783967,75,8268,NIMITZ MS,6021 CARMELITA AVE,HUNTINGTON PARK,90255,J,MS,Nimitz Middle,"Middle School (Middle School, Academy School, Special Ed School, Magnet Center on Regular Campus)",Middle School,0,Chester W. Nimitz Middle School,19647336057939, ,MS,Name: Chester W. Nimitz Middle School\nAddress: 6021 CARMELITA AVE HUNTINGTON PARK 90255,navigatela/reports/lausd_school_report.cfm?PK=75,NIMITZ MS,18802827.0,16689938.429999998,0.8876292075654367,34.6575,2499.5,96.91307042619266,High
-13172248.2805434,4030105.08549862,92,8028,AUDUBON MS,4120 11TH AVE,LOS ANGELES,90008,J,MS,Audubon Middle,"Middle School (Middle School, Academy School, Special Ed School, Magnet Center on Regular Campus)",Middle School,0,Audubon Middle School,19647336061394, ,MS,Name: Audubon Middle School\nAddress: 4120 11TH AVE LOS ANGELES 90008,navigatela/reports/lausd_school_report.cfm?PK=92,AUDUBON MS,12618220.0,10690015.330000024,0.847188853102896,27.1575,2473.133333333333,98.17468936384056,Low
-13187422.6757863,4026012.94672637,93,3311,WESTSIDE GLBL AWR MAG,104 ANCHORAGE ST,MARINA DEL REY,90292,SP,M,Westside Glbl Awr Mag,Magnet School,Span Magnet,0,Westside Elementary Ecosystems/Environmental Sciences Magnet,19647331931054, ,M,Name: Westside Elementary Ecosystems/Environmental Sciences Magnet\nAddress: 104 ANCHORAGE ST MARINA DEL REY 90292,navigatela/reports/lausd_school_report.cfm?PK=93,WESTSIDE GLBL AWR MAG,5263785.0,4628859.740000002,0.87937857264307,45.11857142857143,2482.0166666666664,100.0,Low
-13170999.9217138,4034939.08099094,94,4980,PIO PICO MS,1512 S ARLINGTON AVE,LOS ANGELES,90019,J,MS,Pio Pico Middle,"Middle School (Middle School, Academy School, Special Ed School, Magnet Center on Regular Campus)",Middle School,0,Pio Pico Middle School,19647336107064, ,MS,Name: Pio Pico Middle School\nAddress: 1512 S ARLINGTON AVE LOS ANGELES 90019,navigatela/reports/lausd_school_report.cfm?PK=94,PIO PICO MS,6573638.0,4915339.489999995,0.7477350426050224,36.4825,2503.633333333333,96.14982587304972,Low
-13155857.7749778,4034085.90201222,96,8047,BELVEDERE MS,312 N RECORD AVE,LOS ANGELES,90063,J,MS,Belvedere Middle,"Middle School (Middle School, Academy School, Special Ed School, Magnet Center on Regular Campus)",Middle School,0,Belvedere Middle School,19647336057889, ,MS,Name: Belvedere Middle School\nAddress: 312 N RECORD AVE LOS ANGELES 90063,navigatela/reports/lausd_school_report.cfm?PK=96,BELVEDERE MS,13920639.0,11795271.360000052,0.8473225517880358,30.9,2491.9,98.32702534496619,Low
-13155698.0322868,4039496.82280696,100,8118,EL SERENO MS,2839 N EASTERN AVE,LOS ANGELES,90032,J,MS,El Sereno Middle,"Middle School (Middle School, Academy School, Special Ed School, Magnet Center on Regular Campus)",Middle School,0,El Sereno Middle School,19647336068431, ,MS,Name: El Sereno Middle School\nAddress: 2839 N EASTERN AVE LOS ANGELES 90032,navigatela/reports/lausd_school_report.cfm?PK=100,EL SERENO MS,14959323.0,13958626.209999988,0.933105476096745,43.465,2526.733333333333,94.56380938244693,High
-13163632.8630132,4026177.55861992,103,8113,EDISON MS,6500 HOOPER AVE,LOS ANGELES,90001,J,MS,Edison Middle,"Middle School (Middle School, Academy School, Special Ed School, Magnet Center on Regular Campus)",Middle School,0,Thomas A. Edison Middle School,19647336061444, ,MS,Name: Thomas A. Edison Middle School\nAddress: 6500 HOOPER AVE LOS ANGELES 90001,navigatela/reports/lausd_school_report.cfm?PK=103,EDISON MS,15171541.0,13951523.509999998,0.9195851304755396,25.54,2477.433333333333,96.30533506100684,High
-13164180.9577639,4036976.25738793,115,8544,ROYBAL LC,1213 WEST 1ST ST,LOS ANGELES,90026,S,HS,Roybal Lrng Ctr,"High School (High School, Academy School, Continuation High School, Newcomer School, Community Day School, Special Ed School, Magnet Center on Regular Campus)",High School,0,Edward R. Roybal Learning Center,19647330117051, ,HS,Name: Edward R. Roybal Learning Center\nAddress: 1213 WEST 1ST ST LOS ANGELES 90026,navigatela/reports/lausd_school_report.cfm?PK=115,ROYBAL LC,21014120.0,17250856.43,0.8209173845966427,45.25,2566.8,96.24434851852757,High
-13185355.6793168,4028941.51316079,125,8425,MARK TWAIN MS,2224 WALGROVE AVE,LOS ANGELES,90066,J,MS,Twain Middle,"Middle School (Middle School, Academy School, Special Ed School, Magnet Center on Regular Campus)",Middle School,0,Mark Twain Middle School,19647336058135, ,MS,Name: Mark Twain Middle School\nAddress: 2224 WALGROVE AVE LOS ANGELES 90066,navigatela/reports/lausd_school_report.cfm?PK=125,MARK TWAIN MS,13457351.0,10730641.46000001,0.7973814058948162,51.227500000000006,2548.4666666666667,98.23310953258819,Low
-13183106.5894637,4062467.31879607,133,8321,PACOIMA MS,9919 LAUREL CANYON BLVD,PACOIMA,91331,J,MS,Pacoima Middle,"Middle School (Middle School, Academy School, Special Ed School, Magnet Center on Regular Campus)",Middle School,0,Pacoima Middle School,19647336058218, ,MS,Name: Pacoima Middle School\nAddress: 9919 LAUREL CANYON BLVD PACOIMA 91331,navigatela/reports/lausd_school_report.cfm?PK=133,PACOIMA MS,15261992.0,13621229.41000004,0.892493549334847,37.3725,2510.233333333333,96.48208033629015,High
-13189128.2519205,4064090.30495472,145,8354,PORTER MS,15960 KINGSBURY ST,GRANADA HILLS,91344,J,MS,Porter Middle,"Middle School (Middle School, Academy School, Special Ed School, Magnet Center on Regular Campus)",Middle School,0,George K. Porter Middle School,19647336058242, ,MS,Name: George K. Porter Middle School\nAddress: 15960 KINGSBURY ST GRANADA HILLS 91344,navigatela/reports/lausd_school_report.cfm?PK=145,PORTER MS,14011189.0,12388071.900000015,0.8841556487461567,57.68,2558.4666666666667,98.29043541799344,High
-13163539.5569739,4023713.65806245,162,8112,DREW MS,8511 COMPTON AVE,LOS ANGELES,90001,J,MS,Drew Middle,"Middle School (Middle School, Academy School, Special Ed School, Magnet Center on Regular Campus)",Middle School,0,Charles Drew Middle School,19647336057962, ,MS,Name: Charles Drew Middle School\nAddress: 8511 COMPTON AVE LOS ANGELES 90001,navigatela/reports/lausd_school_report.cfm?PK=162,DREW MS,14312035.0,11058258.299999995,0.77265450370964,21.573333333333334,2464.55,95.76442949607991,Low
-13183438.5428063,4023129.16674454,167,8943,WESM HLTH/SPORTS MED,7400 W MANCHESTER AVE,LOS ANGELES,90045,SS,M,Westchester Med Mag High,Magnet School,High School Magnet - Self Contained,0,Westchester Health/Sports Medicine Magnet High School,19647331939479, ,M,Name: Westchester Health/Sports Medicine Magnet High School\nAddress: 7400 W MANCHESTER AVE LOS ANGELES 90045,navigatela/reports/lausd_school_report.cfm?PK=167,WESM HLTH/SPORTS MED,13367173.0,11384670.650000043,0.8516887340352401,45.03,2555.3,99.06137523856594,Low
-13163108.6245979,4022862.96442481,195,6886,BACA ARTS ACAD,1536 E 89TH ST,LOS ANGELES,90002,E,ES,Baca Arts Acad,"Elementary School (Elementary School, Primary Center, Children Center (EEC), State Preschool, Academy School, Newcomer School, Special Ed School, Magnet Center on Regular Campus)",Elementary School,0,Judith Baca Arts Academy,19647330122176, ,ES,Name: Judith Baca Arts Academy\nAddress: 1536 E 89TH ST LOS ANGELES 90002,navigatela/reports/lausd_school_report.cfm?PK=195,BACA ARTS ACAD,8991038.0,8505439.83999998,0.94599086779524,29.796,2432.8,99.09518746929773,Low
-13190523.7316795,4067175.8619223,196,4762,KNOLLWOOD PREP ACAD,11822 GERALD AVE,GRANADA HILLS,91344,E,CCA,Knollwood Prep Acad,Charter Conversion Affiliated - Elementary School Level,Elementary School,0,Knollwood Preparatory Academy,19647336017743,Y,CHAR,Name: Knollwood Preparatory Academy\nAddress: 11822 GERALD AVE GRANADA HILLS 91344,navigatela/reports/lausd_school_report.cfm?PK=196,KNOLLWOOD PREP ACAD,7845952.0,6050190.879999987,0.7711225967224865,42.292500000000004,2443.5333333333333,98.57723819611914,Low
-13164435.5332843,4005954.03788545,279,8090,CARNEGIE MS,21820 BONITA ST,CARSON,90745,J,MS,Carnegie Middle,"Middle School (Middle School, Academy School, Special Ed School, Magnet Center on Regular Campus)",Middle School,0,Andrew Carnegie Middle School,19647336057913, ,MS,Name: Andrew Carnegie Middle School\nAddress: 21820 BONITA ST CARSON 90745,navigatela/reports/lausd_school_report.cfm?PK=279,CARNEGIE MS,14288179.0,12485404.470000004,0.8738275514325515,40.73,2516.9666666666667,97.28091055700094,High
-13164145.6464483,4032958.38788169,287,8801,CITY OF ANGELS,1449 S SAN PEDRO ST,LOS ANGELES,90015,O,O,City of Angels,"Adult Education, Skill Center, Occupational Center, Opportunity School, Community Day School",Opportunity School and Unit,0,City of Angels Independent Studies,19647331996115, ,O,Name: City of Angels Independent Studies\nAddress: 1449 S SAN PEDRO ST LOS ANGELES 90015,navigatela/reports/lausd_school_report.cfm?PK=287,CITY OF ANGELS,17813105.0,14113807.64999999,0.7923272023602841,30.568,2502.95,89.09917600245426,High
-13182451.2649075,4027016.87012256,290,8235,MARINA DEL REY MS,12500 BRADDOCK DR,LOS ANGELES,90066,J,MS,Marina Del Rey Middle,"Middle School (Middle School, Academy School, Special Ed School, Magnet Center on Regular Campus)",Middle School,0,Marina Del Rey Middle School,19647336058127, ,MS,Name: Marina Del Rey Middle School\nAddress: 12500 BRADDOCK DR LOS ANGELES 90066,navigatela/reports/lausd_school_report.cfm?PK=290,MARINA DEL REY MS,11345835.0,8884508.489999983,0.7830634316469421,24.905,2487.7999999999997,96.3039852532005,Low
-13163666.9530867,4008708.15949441,310,8103,CURTISS MS,1254 E HELMICK ST,CARSON,90746,J,MS,Curtiss Middle,"Middle School (Middle School, Academy School, Special Ed School, Magnet Center on Regular Campus)",Middle School,0,Glenn Hammond Curtiss Middle School,19647336066294, ,MS,Name: Glenn Hammond Curtiss Middle School\nAddress: 1254 E HELMICK ST CARSON 90746,navigatela/reports/lausd_school_report.cfm?PK=310,CURTISS MS,8353063.0,7400366.219999997,0.8859464151054526,32.33,2498.9666666666667,98.27920741306822,Low
-13157566.092109,4043759.28410106,317,5385,RIORDAN PC,5531 MONTE VISTA ST,LOS ANGELES,90042,EP,ES,Riordan PC,"Elementary School (Elementary School, Primary Center, Children Center (EEC), State Preschool, Academy School, Newcomer School, Special Ed School, Magnet Center on Regular Campus)",Primary Center,0,Richard Riordan Primary Center,19647330101618, ,ES,Name: Richard Riordan Primary Center\nAddress: 5531 MONTE VISTA ST LOS ANGELES 90042,navigatela/reports/lausd_school_report.cfm?PK=317,RIORDAN PC,3826746.0,3080852.5999999964,0.805084162889305,51.925,2417.2,98.53996937647224,Low
-13180671.7225364,4024468.08829867,318,8493,WRIGHT ENG DES MAG,6550 W 80TH ST,LOS ANGELES,90045,J,M,Wright Eng Des Mag,Magnet School,Middle School Magnet - Self Contained,0,Orville Wright Engineering and Design Magnet School,19647336058382, ,M,Name: Orville Wright Engineering and Design Magnet School\nAddress: 6550 W 80TH ST LOS ANGELES 90045,navigatela/reports/lausd_school_report.cfm?PK=318,WRIGHT ENG DES MAG,8648458.0,7559126.099999995,0.8740432225027854,28.7825,2490.6,98.44349875175332,Low
-13181936.131172,4031769.1925167,323,8340,PALMS MS,10860 WOODBINE ST,LOS ANGELES,90034,J,MS,Palms Middle,"Middle School (Middle School, Academy School, Special Ed School, Magnet Center on Regular Campus)",Middle School,0,Palms Middle School,19647336058226, ,MS,Name: Palms Middle School\nAddress: 10860 WOODBINE ST LOS ANGELES 90034,navigatela/reports/lausd_school_report.cfm?PK=323,PALMS MS,16392224.0,13777684.489999983,0.8405012333896844,59.0125,2571.633333333333,98.2581824664795,High
-13199102.5990852,4056092.21298607,324,8406,SUTTER MS,7330 WINNETKA AVE,CANOGA PARK,91306,J,MS,Sutter Middle,"Middle School (Middle School, Academy School, Special Ed School, Magnet Center on Regular Campus)",Middle School,0,John A. Sutter Middle,19647336058325, ,MS,Name: John A. Sutter Middle\nAddress: 7330 WINNETKA AVE CANOGA PARK 91306,navigatela/reports/lausd_school_report.cfm?PK=324,SUTTER MS,14749280.0,11864014.849999985,0.8043792544449617,25.1,2469.0,97.0510647330482,Low
-13169814.3295249,4019194.70678115,327,8760,MIDDLE COLLEGE HS,1600 W IMPERIAL HWY,LOS ANGELES,90047,SA,HS,Middle College High,"High School (High School, Academy School, Continuation High School, Newcomer School, Community Day School, Special Ed School, Magnet Center on Regular Campus)",Academy School,0,Middle College High School,19647330102913, ,HS,Name: Middle College High School\nAddress: 1600 W IMPERIAL HWY LOS ANGELES 90047,navigatela/reports/lausd_school_report.cfm?PK=327,MIDDLE COLLEGE HS,5867719.0,4779586.909999983,0.8145562031855962,85.9,2666.4,100.0,Low
-13157740.1708944,4022356.92352493,355,8377,SOUTH GATE MS,4100 FIRESTONE BLVD,SOUTH GATE,90280,J,MS,South Gate Middle,"Middle School (Middle School, Academy School, Special Ed School, Magnet Center on Regular Campus)",Middle School,0,South Gate Middle School,19647336058309, ,MS,Name: South Gate Middle School\nAddress: 4100 FIRESTONE BLVD SOUTH GATE 90280,navigatela/reports/lausd_school_report.cfm?PK=355,SOUTH GATE MS,19475510.0,18452095.480000045,0.9474512082096974,37.195,2509.4,98.09687867612534,High
-13164655.9255981,4029192.68100272,356,8094,CARVER MS,4410 MC KINLEY AV,LOS ANGELES,90011,J,MS,Carver Middle,"Middle School (Middle School, Academy School, Special Ed School, Magnet Center on Regular Campus)",Middle School,0,George Washington Carver Middle School,19647336057921, ,MS,Name: George Washington Carver Middle School\nAddress: 4410 MC KINLEY AV LOS ANGELES 90011,navigatela/reports/lausd_school_report.cfm?PK=356,CARVER MS,13964166.0,12087694.29999999,0.8656223579696768,19.5425,2460.766666666667,95.31082575906976,Low
-13173118.5832958,4037341.7909938,368,8075,BURROUGHS MS,600 S MC CADDEN P,LOS ANGELES,90005,J,MS,Burroughs Middle,"Middle School (Middle School, Academy School, Special Ed School, Magnet Center on Regular Campus)",Middle School,0,John Burroughs Middle School,19647336061410, ,MS,Name: John Burroughs Middle School\nAddress: 600 S MC CADDEN P LOS ANGELES 90005,navigatela/reports/lausd_school_report.cfm?PK=368,BURROUGHS MS,18155398.0,14468474.940000009,0.7969241401372753,62.2025,2571.4,96.0198871134938,High
-13157309.0055984,4046771.3455887,369,6329,ROCKDALE VAPA MAG,1303 YOSEMITE DR,LOS ANGELES,90041,ES,M,Rockdale VAPA Mag,Magnet School,Elementary School Magnet - Self Contained,0,Rockdale Visual and Performing Arts Magnet School,19647336018949, ,M,Name: Rockdale Visual and Performing Arts Magnet School\nAddress: 1303 YOSEMITE DR LOS ANGELES 90041,navigatela/reports/lausd_school_report.cfm?PK=369,ROCKDALE VAPA MAG,3951473.0,3711227.359999999,0.9392009916302096,64.464,2513.75,95.88977642784845,Low
-13159310.0980712,4033639.67308393,373,8179,HOLLENBECK MS,2510 E SIXTH ST,LOS ANGELES,90023,J,MS,Hollenbeck Middle,"Middle School (Middle School, Academy School, Special Ed School, Magnet Center on Regular Campus)",Middle School,0,Hollenbeck Middle School,19647336058051, ,MS,Name: Hollenbeck Middle School\nAddress: 2510 E SIXTH ST LOS ANGELES 90023,navigatela/reports/lausd_school_report.cfm?PK=373,HOLLENBECK MS,16630427.0,14997472.97000004,0.9018092542061632,40.665,2518.633333333333,96.38672111464538,High
-13165159.3707653,4037071.51033335,378,8045,CASTRO MS,1575 W 2ND ST,LOS ANGELES,90026,J,MS,Castro Middle,"Middle School (Middle School, Academy School, Special Ed School, Magnet Center on Regular Campus)",Middle School,0,Sal B. Castro Middle School,19647330119701, ,MS,Name: Sal B. Castro Middle School\nAddress: 1575 W 2ND ST LOS ANGELES 90026,navigatela/reports/lausd_school_report.cfm?PK=378,CASTRO MS,5971812.0,5245988.40999999,0.8784583992262298,22.287499999999998,2471.7999999999997,95.23935651215976,Low
-13165947.8477285,4031898.41709116,392,8009,ADAMS MS,151 W 30TH ST,LOS ANGELES,90007,J,MS,Adams Middle,"Middle School (Middle School, Academy School, Special Ed School, Magnet Center on Regular Campus)",Middle School,0,John Adams Middle School,19647336057855, ,MS,Name: John Adams Middle School\nAddress: 151 W 30TH ST LOS ANGELES 90007,navigatela/reports/lausd_school_report.cfm?PK=392,ADAMS MS,11898164.0,10685046.549999986,0.8980416264223611,39.4875,2513.2000000000003,96.58654402931661,Low
-13177025.1191098,4034768.41265879,403,8741,LACES MAG,5931 W 18TH ST,LOS ANGELES,90035,SP,M,Los Angeles Ctr for Enriched Studies,Magnet School,Span Magnet,0,Los Angeles Center for Enriched Studies,19647331932847, ,M,Name: Los Angeles Center for Enriched Studies\nAddress: 5931 W 18TH ST LOS ANGELES 90035,navigatela/reports/lausd_school_report.cfm?PK=403,LACES MAG,15350962.0,14981213.44000003,0.9759136554438758,68.356,2603.975,98.60373060318008,High
-13192082.6677713,4061170.03013513,409,8182,HOLMES MS,9351 PASO ROBLES AVE,NORTHRIDGE,91325,J,MS,Holmes Middle,"Middle School (Middle School, Academy School, Special Ed School, Magnet Center on Regular Campus)",Middle School,0,Oliver Wendell Holmes Middle School,19647336058069, ,MS,Name: Oliver Wendell Holmes Middle School\nAddress: 9351 PASO ROBLES AVE NORTHRIDGE 91325,navigatela/reports/lausd_school_report.cfm?PK=409,HOLMES MS,13734999.0,12506953.920000032,0.9105900859548683,59.91,2567.9666666666667,97.02373555028078,High
-13160982.7613439,4021466.27485955,423,8153,SOUTHEAST MS,2560 TWEEDY BLVD,SOUTH GATE,90280,J,MS,Southeast Middle,"Middle School (Middle School, Academy School, Special Ed School, Magnet Center on Regular Campus)",Middle School,0,Southeast Middle School,19647330106989, ,MS,Name: Southeast Middle School\nAddress: 2560 TWEEDY BLVD SOUTH GATE 90280,navigatela/reports/lausd_school_report.cfm?PK=423,SOUTHEAST MS,18812953.0,17090885.510000005,0.9084637329397468,30.5125,2496.7666666666664,95.67070590233638,High
-13165048.2240579,4027539.61912553,451,8200,LOS ANGELES ACAD MS,644 E 56TH ST,LOS ANGELES,90011,J,MS,Los Angeles Academy Middle,"Middle School (Middle School, Academy School, Special Ed School, Magnet Center on Regular Campus)",Middle School,0,Los Angeles Academy Middle School,19647336115794, ,MS,Name: Los Angeles Academy Middle School\nAddress: 644 E 56TH ST LOS ANGELES 90011,navigatela/reports/lausd_school_report.cfm?PK=451,LOS ANGELES ACAD MS,18390241.0,14644633.489999976,0.7963263499374464,29.1475,2484.0333333333333,94.35864159761975,High
-13186976.541133,4058389.23719909,467,8117,VISTA MS,15060 ROSCOE BLVD,VAN NUYS,91402,J,MS,Vista Middle,"Middle School (Middle School, Academy School, Special Ed School, Magnet Center on Regular Campus)",Middle School,0,Vista Middle School,19647330106971, ,MS,Name: Vista Middle School\nAddress: 15060 ROSCOE BLVD VAN NUYS 91402,navigatela/reports/lausd_school_report.cfm?PK=467,VISTA MS,21051260.0,16640666.65000002,0.7904831658532563,29.2875,2482.233333333333,96.71827397560041,High
-13165684.3606259,4036086.4361081,483,8058,LIECHTY MS,650 S UNION AVE,LOS ANGELES,90017,J,MS,Liechty Middle,"Middle School (Middle School, Academy School, Special Ed School, Magnet Center on Regular Campus)",Middle School,0,John H. Liechty Middle School,19647330114199, ,MS,Name: John H. Liechty Middle School\nAddress: 650 S UNION AVE LOS ANGELES 90017,navigatela/reports/lausd_school_report.cfm?PK=483,LIECHTY MS,16407851.0,13613392.249999989,0.8296877055989836,25.125,2468.3333333333335,95.46814820833116,High
-13201191.4328694,4062702.10231582,498,8585,STONEY POINT HS,10010 DE SOTO AVE,CHATSWORTH,91311,C,HS,Stoney Point High,Continuation High School,Continuation High School,0,Stoney Point Continuation High School,19647331931559, ,HS,Name: Stoney Point Continuation High School\nAddress: 10010 DE SOTO AVE CHATSWORTH 91311,navigatela/reports/lausd_school_report.cfm?PK=498,STONEY POINT HS,2234894.0,2007401.169999996,0.8982086711942471,13.16,2456.0,93.17043515870071,Low
-13170975.3609432,4041547.53218468,500,8226,LE CONTE MS,1316 N BRONSON AVE,HOLLYWOOD,90028,J,MS,Le Conte Middle,"Middle School (Middle School, Academy School, Special Ed School, Magnet Center on Regular Campus)",Middle School,0,Joseph Le Conte Middle School,19647336061501, ,MS,Name: Joseph Le Conte Middle School\nAddress: 1316 N BRONSON AVE HOLLYWOOD 90028,navigatela/reports/lausd_school_report.cfm?PK=500,LE CONTE MS,13258809.0,9629093.520000003,0.7262412121631742,26.4175,2484.133333333333,95.34257317168156,Low
-13159897.0913294,4026159.85603811,508,8151,GAGE MS,2880 E GAGE AVE,HUNTINGTON PARK,90255,J,MS,Gage Middle,"Middle School (Middle School, Academy School, Special Ed School, Magnet Center on Regular Campus)",Middle School,0,Henry T. Gage Middle School,19647336061469, ,MS,Name: Henry T. Gage Middle School\nAddress: 2880 E GAGE AVE HUNTINGTON PARK 90255,navigatela/reports/lausd_school_report.cfm?PK=508,GAGE MS,19790475.0,17322338.410000008,0.875286642185193,35.19,2502.0,96.61342743535938,High
-13182064.1995048,4055207.95420699,515,8230,MADISON MS,13000 HART ST,NO HOLLYWOOD,91605,J,MS,Madison Middle,"Middle School (Middle School, Academy School, Special Ed School, Magnet Center on Regular Campus)",Middle School,0,James Madison Middle School,19647336061519, ,MS,Name: James Madison Middle School\nAddress: 13000 HART ST NO HOLLYWOOD 91605,navigatela/reports/lausd_school_report.cfm?PK=515,MADISON MS,20861146.0,18797204.480000038,0.9010628888748506,29.2875,2486.9666666666667,94.35602760205217,High
-13158529.0069495,4046507.25757453,551,8614,EAGLE ROCK HS,1750 YOSEMITE DR,LOS ANGELES,90041,EJ,SS,Eagle Rock High,"Span School (Span School, Special Ed School)",Span School,0,Eagle Rock High School,19647331932540, ,SS,Name: Eagle Rock High School\nAddress: 1750 YOSEMITE DR LOS ANGELES 90041,navigatela/reports/lausd_school_report.cfm?PK=551,EAGLE ROCK HS,26919175.0,24744678.009999964,0.919221261795726,65.45,2600.0,95.40385641528134,High
-13167769.1353273,4022291.21314119,555,8170,HARTE PREP MS,9301 S HOOVER ST,LOS ANGELES,90044,J,MS,Harte Prep Middle,"Middle School (Middle School, Academy School, Special Ed School, Magnet Center on Regular Campus)",Middle School,0,Bret Harte Preparatory Middle School,19647336058044, ,MS,Name: Bret Harte Preparatory Middle School\nAddress: 9301 S HOOVER ST LOS ANGELES 90044,navigatela/reports/lausd_school_report.cfm?PK=555,HARTE PREP MS,11262873.0,9703992.610000042,0.861591230763238,16.2225,2436.633333333333,99.59896989549271,Low
-13166536.9826995,4031127.55946024,556,8062,CLINTON MS,3500 SOUTH HILL ST,LOS ANGELES,90071,J,MS,Clinton Middle,"Middle School (Middle School, Academy School, Special Ed School, Magnet Center on Regular Campus)",Middle School,0,William Jefferson Clinton Middle School,19647330112011, ,MS,Name: William Jefferson Clinton Middle School\nAddress: 3500 SOUTH HILL ST LOS ANGELES 90071,navigatela/reports/lausd_school_report.cfm?PK=556,CLINTON MS,11376751.0,10948820.319999997,0.962385510590853,26.27,2476.1,94.18307071534868,Low
-13169241.3599068,4013086.9771092,557,8352,PEARY MS,1415 W GARDENA BLVD,GARDENA,90247,J,MS,Peary Middle,"Middle School (Middle School, Academy School, Special Ed School, Magnet Center on Regular Campus)",Middle School,0,Robert E. Peary Middle School,19647336061576, ,MS,Name: Robert E. Peary Middle School\nAddress: 1415 W GARDENA BLVD GARDENA 90247,navigatela/reports/lausd_school_report.cfm?PK=557,PEARY MS,21101260.0,17576067.580000006,0.8329392453341652,29.9925,2492.4,98.21678885090544,High
-13167995.8314977,4038730.47812693,580,8462,VIRGIL MS,152 N VERMONT AVE,LOS ANGELES,90004,J,MS,Virgil Middle,"Middle School (Middle School, Academy School, Special Ed School, Magnet Center on Regular Campus)",Middle School,0,Virgil Middle School,19647336058341, ,MS,Name: Virgil Middle School\nAddress: 152 N VERMONT AVE LOS ANGELES 90004,navigatela/reports/lausd_school_report.cfm?PK=580,VIRGIL MS,16673742.0,14480099.909999993,0.8684373255865415,41.8075,2513.866666666667,96.34172252560656,High
-13184064.7883236,4032575.45659092,588,8481,WEBSTER MS,11330 W GRAHAM PL,LOS ANGELES,90064,J,MS,Webster Middle,"Middle School (Middle School, Academy School, Special Ed School, Magnet Center on Regular Campus)",Middle School,0,Daniel Webster Middle School,19647336058358, ,MS,Name: Daniel Webster Middle School\nAddress: 11330 W GRAHAM PL LOS ANGELES 90064,navigatela/reports/lausd_school_report.cfm?PK=588,WEBSTER MS,9799401.0,7778380.359999996,0.7937607982365449,29.642500000000002,2497.866666666667,98.03382904192686,Low
-13201583.7997112,4062880.33140588,603,8217,LAWRENCE MS,10100 VARIEL AVE,CHATSWORTH,91311,J,MS,Lawrence Middle,"Middle School (Middle School, Academy School, Special Ed School, Magnet Center on Regular Campus)",Middle School,0,Ernest Lawrence Middle School,19647336058093, ,MS,Name: Ernest Lawrence Middle School\nAddress: 10100 VARIEL AVE CHATSWORTH 91311,navigatela/reports/lausd_school_report.cfm?PK=603,LAWRENCE MS,14000136.0,12318540.530000016,0.8798872046671559,45.99,2529.1666666666665,98.62720045996187,High
-13166434.875603,4025880.8918021,617,8060,BETHUNE MS,155 W 69TH ST,LOS ANGELES,90003,J,MS,Bethune Middle,"Middle School (Middle School, Academy School, Special Ed School, Magnet Center on Regular Campus)",Middle School,0,Mary McLeod Bethune Middle School,19647336058143, ,MS,Name: Mary McLeod Bethune Middle School\nAddress: 155 W 69TH ST LOS ANGELES 90003,navigatela/reports/lausd_school_report.cfm?PK=617,BETHUNE MS,16368413.0,13499208.139999991,0.8247108708706209,26.055,2474.5333333333333,97.10129882557149,High
-13184299.9139495,4066811.68323136,631,8358,SAN FERNANDO MS,130 N BRAND BLVD,SAN FERNANDO,91340,J,MS,San Fernando Middle,"Middle School (Middle School, Academy School, Special Ed School, Magnet Center on Regular Campus)",Middle School,0,San Fernando Middle School,19647336058283, ,MS,Name: San Fernando Middle School\nAddress: 130 N BRAND BLVD SAN FERNANDO 91340,navigatela/reports/lausd_school_report.cfm?PK=631,SAN FERNANDO MS,11019151.0,8919693.770000003,0.8094719611338481,27.16,2471.6666666666665,96.15244874036743,Low
-13157817.2118861,4044370.81600159,633,8643,FRANKLIN HS,820 N AVE 54,LOS ANGELES,90042,S,HS,Franklin High,"High School (High School, Academy School, Continuation High School, Newcomer School, Community Day School, Special Ed School, Magnet Center on Regular Campus)",High School,0,Benjamin Franklin High School,19647331933043, ,HS,Name: Benjamin Franklin High School\nAddress: 820 N AVE 54 LOS ANGELES 90042,navigatela/reports/lausd_school_report.cfm?PK=633,FRANKLIN HS,20251607.0,19284145.080000028,0.9522278938160328,32.636,2502.725,98.46370439158218,High
-13164339.6194526,4036342.24257814,665,8497,SECONDARY CDS,"333 S BEAUDRY AVE., 18TH FL",LOS ANGELES,90017,CDS,O,Secondary CDS,"Adult Education, Skill Center, Occupational Center, Opportunity School, Community Day School",Opportunity School and Unit,0,Secondary Community Day School,19647331996651, ,O,"Name: Secondary Community Day School\nAddress: 333 S BEAUDRY AVE., 18TH FL LOS ANGELES 90017",navigatela/reports/lausd_school_report.cfm?PK=665,SECONDARY CDS,2328633.0,1811979.76,0.778130242077648,23.590000000000003,2480.8,96.77863872598714,Low
-13167418.0982139,4005416.14633586,666,8487,WHITE MS,22102 S FIGUEROA,CARSON,90745,J,MS,White Middle,"Middle School (Middle School, Academy School, Special Ed School, Magnet Center on Regular Campus)",Middle School,0,Stephen M. White Middle School,19647336058366, ,MS,Name: Stephen M. White Middle School\nAddress: 22102 S FIGUEROA CARSON 90745,navigatela/reports/lausd_school_report.cfm?PK=666,WHITE MS,22455591.0,17961211.659999978,0.7998547738066648,49.3225,2541.2999999999997,98.20373692100364,High
-13168324.1077258,4027019.58736458,676,8255,MUIR MS,5929 S VERMONT AVE,LOS ANGELES,90044,J,MS,Muir Middle,"Middle School (Middle School, Academy School, Special Ed School, Magnet Center on Regular Campus)",Middle School,0,John Muir Middle School,19647336058176, ,MS,Name: John Muir Middle School\nAddress: 5929 S VERMONT AVE LOS ANGELES 90044,navigatela/reports/lausd_school_report.cfm?PK=676,MUIR MS,13301272.0,10144826.869999984,0.7626959940372608,16.99,2450.9333333333334,95.72347066014217,Low
-13169517.409261,4065031.59877451,699,8240,MOUNT GLEASON MS,10965 MT GLEASON AVE,SUNLAND,91040,J,MS,Mount Gleason Middle,"Middle School (Middle School, Academy School, Special Ed School, Magnet Center on Regular Campus)",Middle School,0,Mount Gleason Middle School,19647336058168, ,MS,Name: Mount Gleason Middle School\nAddress: 10965 MT GLEASON AVE SUNLAND 91040,navigatela/reports/lausd_school_report.cfm?PK=699,MOUNT GLEASON MS,11401673.0,10956642.390000025,0.960967955316735,46.894999999999996,2535.7333333333336,97.6345240037416,Low
-13180026.7817141,4054262.26644305,703,8116,ROMER MS,6513 LAUREL CANYON BLVD,LOS ANGELES,91606,J,MS,Romer Middle,"Middle School (Middle School, Academy School, Special Ed School, Magnet Center on Regular Campus)",Middle School,0,Roy Romer Middle School,19647330117044, ,MS,Name: Roy Romer Middle School\nAddress: 6513 LAUREL CANYON BLVD LOS ANGELES 91606,navigatela/reports/lausd_school_report.cfm?PK=703,ROMER MS,14890463.0,11052783.000000024,0.7422726210729662,32.215,2495.9,95.55656892912009,Low
-13187581.3627286,4061218.95352556,715,8363,SEPULVEDA MS,15330 PLUMMER ST,NORTH HILLS,91343,J,MS,Sepulveda Middle,"Middle School (Middle School, Academy School, Special Ed School, Magnet Center on Regular Campus)",Middle School,0,Francisco Sepulveda Middle School,19647336058291, ,MS,Name: Francisco Sepulveda Middle School\nAddress: 15330 PLUMMER ST NORTH HILLS 91343,navigatela/reports/lausd_school_report.cfm?PK=715,SEPULVEDA MS,20753883.0,15560533.480000025,0.7497649225448569,22.134999999999998,2465.766666666667,97.15728000496927,High
-13165933.8685038,4019678.1166518,724,8160,GOMPERS MS,234 E 112TH ST,LOS ANGELES,90061,J,MS,Gompers Middle,"Middle School (Middle School, Academy School, Special Ed School, Magnet Center on Regular Campus)",Middle School,0,Samuel Gompers Middle School,19647336058028, ,MS,Name: Samuel Gompers Middle School\nAddress: 234 E 112TH ST LOS ANGELES 90061,navigatela/reports/lausd_school_report.cfm?PK=724,GOMPERS MS,10509851.0,8952860.899999961,0.8518542175336227,14.2225,2428.1666666666665,97.60903171955555,Low
-13201017.1773461,4051724.9245377,792,8344,WOODLAND HILLS ACAD,20800 BURBANK BLVD,WOODLAND HILLS,91367,J,MS,Woodland Hills Acad,"Middle School (Middle School, Academy School, Special Ed School, Magnet Center on Regular Campus)",Middle School,0,Woodland Hills Academy Middle School,19647336061568,Y,MS,Name: Woodland Hills Academy Middle School\nAddress: 20800 BURBANK BLVD WOODLAND HILLS 91367,navigatela/reports/lausd_school_report.cfm?PK=792,WOODLAND HILLS ACAD,9969665.0,8347292.920000013,0.837269147960339,31.884999999999998,2498.433333333333,92.23319659265283,Low
-13186040.6160946,4051527.87453636,797,8434,VAN NUYS MS,5435 VESPER AVE,VAN NUYS,91411,J,MS,Van Nuys Middle,"Middle School (Middle School, Academy School, Special Ed School, Magnet Center on Regular Campus)",Middle School,0,Van Nuys Middle School,19647336058333, ,MS,Name: Van Nuys Middle School\nAddress: 5435 VESPER AVE VAN NUYS 91411,navigatela/reports/lausd_school_report.cfm?PK=797,VAN NUYS MS,14490953.0,12118912.44999998,0.8363088645722597,37.0475,2506.5,95.80045156592038,High
-13178740.8088987,4049312.60079338,800,8355,REED MS,4525 IRVINE AVE,NO HOLLYWOOD,91602,J,MS,Reed Middle,"Middle School (Middle School, Academy School, Special Ed School, Magnet Center on Regular Campus)",Middle School,0,Walter Reed Middle School,19647336062699, ,MS,Name: Walter Reed Middle School\nAddress: 4525 IRVINE AVE NO HOLLYWOOD 91602,navigatela/reports/lausd_school_report.cfm?PK=800,REED MS,16862099.0,15216047.629999992,0.902381585471654,62.464999999999996,2578.1666666666665,97.46462531014569,High
-13185785.3711929,4070701.06946476,820,8306,OLIVE VISTA MS,14600 TYLER ST,SYLMAR,91342,J,MS,Olive Vista Middle,"Middle School (Middle School, Academy School, Special Ed School, Magnet Center on Regular Campus)",Middle School,0,Olive Vista Middle School,19647336061550, ,MS,Name: Olive Vista Middle School\nAddress: 14600 TYLER ST SYLMAR 91342,navigatela/reports/lausd_school_report.cfm?PK=820,OLIVE VISTA MS,15956504.0,15053225.679999989,0.9433912140153,33.6175,2497.8333333333335,93.67447743177759,High
-13192565.0401744,4068442.55916651,828,8137,FROST MS,12314 BRADFORD PL,GRANADA HILLS,91344,J,MS,Frost Middle,"Middle School (Middle School, Academy School, Special Ed School, Magnet Center on Regular Campus)",Middle School,0,Robert Frost Middle School,19647336058275, ,MS,Name: Robert Frost Middle School\nAddress: 12314 BRADFORD PL GRANADA HILLS 91344,navigatela/reports/lausd_school_report.cfm?PK=828,FROST MS,15926759.0,15059501.089999983,0.9455471191596472,71.415,2593.0,96.87023929821798,High
-13156185.6365717,4023981.37723442,854,3548,ELIZABETH LC,4811 ELIZABETH ST,CUDAHY,90201,EJ,SS,Elizabeth Lrng Ctr,"Span School (Span School, Special Ed School)",Span School,0,Elizabeth Learning Center,19647336016885, ,SS,Name: Elizabeth Learning Center\nAddress: 4811 ELIZABETH ST CUDAHY 90201,navigatela/reports/lausd_school_report.cfm?PK=854,ELIZABETH LC,24915566.0,19612292.87000008,0.7871502044143841,32.27125,2467.414285714286,97.66305034301762,High
-13168549.0643186,4035520.58044062,864,8057,BERENDO MS,1157 S BERENDO ST,LOS ANGELES,90006,J,MS,Berendo Middle,"Middle School (Middle School, Academy School, Special Ed School, Magnet Center on Regular Campus)",Middle School,0,Berendo Middle School,19647336061402, ,MS,Name: Berendo Middle School\nAddress: 1157 S BERENDO ST LOS ANGELES 90006,navigatela/reports/lausd_school_report.cfm?PK=864,BERENDO MS,12225746.0,9795337.00999997,0.8012056695763162,24.927500000000002,2477.633333333333,95.59885648936557,Low
-13170583.8916768,4000938.78121762,874,8127,FLEMING MS,25425 WALNUT ST,LOMITA,90717,J,MS,Fleming Middle,"Middle School (Middle School, Academy School, Special Ed School, Magnet Center on Regular Campus)",Middle School,0,Alexander Fleming Middle School,19647336057996, ,MS,Name: Alexander Fleming Middle School\nAddress: 25425 WALNUT ST LOMITA 90717,navigatela/reports/lausd_school_report.cfm?PK=874,FLEMING MS,16493293.0,15221622.280000005,0.9228977063585788,37.167500000000004,2510.7999999999997,98.37070649252122,High
-13173263.9398101,4040623.42382258,879,8038,BANCROFT MS,929 N LAS PALMAS AVE,LOS ANGELES,90038,J,MS,Bancroft Middle,"Middle School (Middle School, Academy School, Special Ed School, Magnet Center on Regular Campus)",Middle School,0,Hubert Howe Bancroft Middle School,19647336057871, ,MS,Name: Hubert Howe Bancroft Middle School\nAddress: 929 N LAS PALMAS AVE LOS ANGELES 90038,navigatela/reports/lausd_school_report.cfm?PK=879,BANCROFT MS,9625202.0,8163318.669999996,0.8481192051865505,30.455,2484.9666666666667,97.6871082857027,Low
-13160091.1234202,4040586.32843899,886,8264,NIGHTINGALE MS,3311 N FIGUEROA ST,LOS ANGELES,90065,J,MS,Nightingale Middle,"Middle School (Middle School, Academy School, Special Ed School, Magnet Center on Regular Campus)",Middle School,0,Florence Nightingale Middle School,19647336058192, ,MS,Name: Florence Nightingale Middle School\nAddress: 3311 N FIGUEROA ST LOS ANGELES 90065,navigatela/reports/lausd_school_report.cfm?PK=886,NIGHTINGALE MS,13750553.0,12427108.780000033,0.9037533821367064,39.715,2511.5666666666666,95.3544213512767,High
-13169928.0685714,4031375.01517523,901,8132,FOSHAY LC,3751 S HARVARD BLVD,LOS ANGELES,90018,EJ,SS,Foshay Learning Ctr,"Span School (Span School, Special Ed School)",Span School,0,Foshay Learning Center,19647336061451, ,SS,Name: Foshay Learning Center\nAddress: 3751 S HARVARD BLVD LOS ANGELES 90018,navigatela/reports/lausd_school_report.cfm?PK=901,FOSHAY LC,25013440.0,21359630.900000047,0.85392616529354,43.3075,2495.342857142857,98.65779945949747,High
-13171658.6011619,4030865.73922929,902,7123,BRADLEY GLBL AWR MAG,3875 DUBLIN AVE,LOS ANGELES,90008,ES,M,Bradley Glbl Awr Mag,Magnet School,Elementary School Magnet - Self Contained,0,Thomas Bradley Elementary Politics and Government Magnet,19647336016810, ,M,Name: Thomas Bradley Elementary Politics and Government Magnet\nAddress: 3875 DUBLIN AVE LOS ANGELES 90008,navigatela/reports/lausd_school_report.cfm?PK=902,BRADLEY GLBL AWR MAG,5780569.0,4227407.599999996,0.7313134053066396,46.5775,2450.933333333333,98.50213199340216,Low
-13172211.3894393,4026142.92410668,906,4658,YES ACADEMY,3140 HYDE PARK BLVD,LOS ANGELES,90043,E,ES,YES Academy,"Elementary School (Elementary School, Primary Center, Children Center (EEC), State Preschool, Academy School, Newcomer School, Special Ed School, Magnet Center on Regular Campus)",Elementary School,0,Young Empowered Scholars Academy,19647336017677, ,ES,Name: Young Empowered Scholars Academy\nAddress: 3140 HYDE PARK BLVD LOS ANGELES 90043,navigatela/reports/lausd_school_report.cfm?PK=906,YES ACADEMY,11380244.0,8256477.620000001,0.7255097184208003,17.3875,2375.3333333333335,96.93065329551126,Low
-13162971.4894966,4020711.41439618,927,8237,MARKHAM MS,1650 E 104TH ST,LOS ANGELES,90002,J,MS,Markham Middle,"Middle School (Middle School, Academy School, Special Ed School, Magnet Center on Regular Campus)",Middle School,0,Edwin Markham Middle School,19647336061527, ,MS,Name: Edwin Markham Middle School\nAddress: 1650 E 104TH ST LOS ANGELES 90002,navigatela/reports/lausd_school_report.cfm?PK=927,MARKHAM MS,13734469.0,11464201.660000034,0.834702940463154,14.895,2441.7999999999997,96.97549158382954,Low
-13161794.6055748,4033354.09609089,944,8757,METROPOLITAN HS,727 S WILSON ST,LOS ANGELES,90021,C,HS,Metropolitan Cont HS,"High School (High School, Academy School, Continuation High School, Newcomer School, Community Day School, Special Ed School, Magnet Center on Regular Campus)",Continuation High School,0,Metropolitan Continuation High School,19647331931468, ,HS,Name: Metropolitan Continuation High School\nAddress: 727 S WILSON ST LOS ANGELES 90021,navigatela/reports/lausd_school_report.cfm?PK=944,METROPOLITAN HS,2116366.0,1901827.330000002,0.8986287485245945,12.5,2472.1,100.0,Low
-13192713.2574814,4063707.95848377,966,8174,HENRY MS,17340 SAN JOSE ST,GRANADA HILLS,91344,J,MS,Henry Middle,"Middle School (Middle School, Academy School, Special Ed School, Magnet Center on Regular Campus)",Middle School,0,Patrick Henry Middle School,19647336061485, ,MS,Name: Patrick Henry Middle School\nAddress: 17340 SAN JOSE ST GRANADA HILLS 91344,navigatela/reports/lausd_school_report.cfm?PK=966,HENRY MS,15430290.0,14776580.74999998,0.9576346750449914,45.3925,2536.4666666666667,97.2909403688092,High
-13180923.3912036,4065287.33624713,974,8228,MACLAY MS,12540 PIERCE AVE,PACOIMA,91331,J,MS,Maclay Middle,"Middle School (Middle School, Academy School, Special Ed School, Magnet Center on Regular Campus)",Middle School,0,Charles Maclay Middle School,19647336058101, ,MS,Name: Charles Maclay Middle School\nAddress: 12540 PIERCE AVE PACOIMA 91331,navigatela/reports/lausd_school_report.cfm?PK=974,MACLAY MS,8207858.0,6816493.310000001,0.8304838253780708,19.67,2464.2666666666664,95.9500192019909,Low
-13195636.3870507,4053705.20826439,1002,8842,SOCES MAG,18605 ERWIN ST,RESEDA,91335,SP,M,Sherman Oaks Center for Enriched Studies,Magnet School,Span Magnet,0,Sherman Oaks Center for Enriched Studies,19647331933233, ,M,Name: Sherman Oaks Center for Enriched Studies\nAddress: 18605 ERWIN ST RESEDA 91335,navigatela/reports/lausd_school_report.cfm?PK=1002,SOCES MAG,19621361.0,17736284.55000005,0.903927334602327,67.67,2575.5499999999997,99.19747788403298,High
-13194178.2418252,4058825.52405528,1005,8283,NORTHRIDGE MS,17960 CHASE ST,NORTHRIDGE,91325,J,MS,Northridge Middle,"Middle School (Middle School, Academy School, Special Ed School, Magnet Center on Regular Campus)",Middle School,0,Northridge Middle School,19647336058200, ,MS,Name: Northridge Middle School\nAddress: 17960 CHASE ST NORTHRIDGE 91325,navigatela/reports/lausd_school_report.cfm?PK=1005,NORTHRIDGE MS,14523720.0,11909021.459999986,0.8199704662441845,26.96,2476.866666666667,94.2088808435069,Low
-13191955.5467153,4054712.79610322,1010,8259,MULHOLLAND MS,17120 VANOWEN ST,VAN NUYS,91406,J,MS,Mulholland Middle,"Middle School (Middle School, Academy School, Special Ed School, Magnet Center on Regular Campus)",Middle School,0,William Mulholland Middle School,19647336058184, ,MS,Name: William Mulholland Middle School\nAddress: 17120 VANOWEN ST VAN NUYS 91406,navigatela/reports/lausd_school_report.cfm?PK=1010,MULHOLLAND MS,16604143.0,14771095.239999918,0.8896029888444058,38.61,2511.4,97.49032927161181,High
-13186864.3237055,4056575.94177602,1014,8142,FULTON COLLEGE PREP,7477 KESTER AVE,VAN NUYS,91405,EJ,SS,Fulton College Prep,"Span School (Span School, Special Ed School)",Span School,0,Robert Fulton College Preparatory School,19647336058002, ,SS,Name: Robert Fulton College Preparatory School\nAddress: 7477 KESTER AVE VAN NUYS 91405,navigatela/reports/lausd_school_report.cfm?PK=1014,FULTON COLLEGE PREP,22765857.0,19589018.950000003,0.8604560307130104,28.938,2486.7,96.65082910017617,High
-13167181.8198566,4004974.03455195,1027,2815,CAROLDALE LC,22424 CAROLDALE AVE,CARSON,90745,EJ,SS,Caroldale Lrng Comm,"Span School (Span School, Special Ed School)",Span School,0,Caroldale Learning Community,19647336016349, ,SS,Name: Caroldale Learning Community\nAddress: 22424 CAROLDALE AVE CARSON 90745,navigatela/reports/lausd_school_report.cfm?PK=1027,CAROLDALE LC,9927074.0,9347507.45000002,0.9416175854033142,51.19714285714286,2508.016666666667,99.1925822623373,Low
-13170835.9084592,3997415.3527831,1034,8110,DODSON MS,28014 MONTEREINA DR,RANCHO PALOS VERDES,90275,J,MS,Dodson Middle,"Middle School (Middle School, Academy School, Special Ed School, Magnet Center on Regular Campus)",Middle School,0,Rudecinda Sepulveda Dodson Middle School,19647336061436, ,MS,Name: Rudecinda Sepulveda Dodson Middle School\nAddress: 28014 MONTEREINA DR RANCHO PALOS VERDES 90275,navigatela/reports/lausd_school_report.cfm?PK=1034,DODSON MS,16052258.0,14743177.530000068,0.918448826950082,63.582499999999996,2588.5333333333333,98.44046057189246,High
-13168624.5502656,3992639.84226905,1042,8104,DANA MS,1501 S CABRILLO AVE,SAN PEDRO,90731,J,MS,Dana Middle,"Middle School (Middle School, Academy School, Special Ed School, Magnet Center on Regular Campus)",Middle School,0,Richard Henry Dana Middle School,19647336057954, ,MS,Name: Richard Henry Dana Middle School\nAddress: 1501 S CABRILLO AVE SAN PEDRO 90731,navigatela/reports/lausd_school_report.cfm?PK=1042,DANA MS,21117829.0,18639050.91000001,0.8826215474137996,35.655,2502.0,96.438943294783,High
-13181104.6992964,4058815.76496766,1068,8080,BYRD MS,8401 ARLETA AVE,SUN VALLEY,91352,J,MS,Byrd Middle,"Middle School (Middle School, Academy School, Special Ed School, Magnet Center on Regular Campus)",Middle School,0,Richard E. Byrd Middle School,19647336057905, ,MS,Name: Richard E. Byrd Middle School\nAddress: 8401 ARLETA AVE SUN VALLEY 91352,navigatela/reports/lausd_school_report.cfm?PK=1068,BYRD MS,16617280.0,14854804.599999988,0.8939371906834324,35.415,2507.2999999999997,95.1116769062076,High
-13155209.4823881,4034390.79978774,1170,7773,TORRES ENG & TECH,4211 DOZIER ST,LOS ANGELES,90063,S,HS,Torres Eng & Tech,"High School (High School, Academy School, Continuation High School, Newcomer School, Community Day School, Special Ed School, Magnet Center on Regular Campus)",High School,0,Engineering & Technology at Esteban Torres High School,19647330122382, ,HS,Name: Engineering & Technology at Esteban Torres High School\nAddress: 4211 DOZIER ST LOS ANGELES 90063,navigatela/reports/lausd_school_report.cfm?PK=1170,TORRES ENG & TECH,6036364.0,5185022.909999994,0.8589645869599636,24.19,2514.9,100.0,Low
-13155209.4823881,4034390.79978774,1171,7775,TORRES HUM/ART/TECH,4211 DOZIER ST,LOS ANGELES,90063,S,HS,Torres Hum/Art/Tech,"High School (High School, Academy School, Continuation High School, Newcomer School, Community Day School, Special Ed School, Magnet Center on Regular Campus)",High School,0,Humanitas Academy of Art & Technology at Esteban Torres High School,19647330122358, ,HS,Name: Humanitas Academy of Art & Technology at Esteban Torres High School\nAddress: 4211 DOZIER ST LOS ANGELES 90063,navigatela/reports/lausd_school_report.cfm?PK=1171,TORRES HUM/ART/TECH,6267951.0,5521941.329999997,0.8809802964318,46.99,2568.9,100.0,Low
-13155209.4823881,4034390.79978774,1172,7772,TORRES RENAISSANCE,4211 DOZIER ST,LOS ANGELES,90063,S,HS,Torres Renaissance,"High School (High School, Academy School, Continuation High School, Newcomer School, Community Day School, Special Ed School, Magnet Center on Regular Campus)",High School,0,ELA Renaissance Academy at Esteban Torres High School,19647330122374, ,HS,Name: ELA Renaissance Academy at Esteban Torres High School\nAddress: 4211 DOZIER ST LOS ANGELES 90063,navigatela/reports/lausd_school_report.cfm?PK=1172,TORRES RENAISSANCE,7585715.0,6137834.53,0.8091306528125563,48.0,2577.5,99.51772523788907,Low
